date,home_team,away_team,home_score,away_score,tournament,city,country,neutral,group,stage
2026-06-19,Mexico,South Africa,2,0,FIFA World Cup,,,True,A,Group Stage
2026-06-19,South Korea,Czechia,2,1,FIFA World Cup,,,True,A,Group Stage
2026-06-19,Canada,Bosnia and Herzegovina,1,1,FIFA World Cup,,,True,B,Group Stage
2026-06-19,USA,Paraguay,4,1,FIFA World Cup,,,True,D,Group Stage
2026-06-19,Qatar,Switzerland,1,1,FIFA World Cup,,,True,B,Group Stage
2026-06-19,Brazil,Morocco,1,1,FIFA World Cup,,,True,C,Group Stage
2026-06-19,Haiti,Scotland,0,1,FIFA World Cup,,,True,C,Group Stage
2026-06-19,Australia,Turkey,2,0,FIFA World Cup,,,True,D,Group Stage
2026-06-19,Germany,Curaçao,7,1,FIFA World Cup,,,True,E,Group Stage
2026-06-19,Netherlands,Japan,2,2,FIFA World Cup,,,True,F,Group Stage
2026-06-19,Ivory Coast,Ecuador,1,0,FIFA World Cup,,,True,E,Group Stage
2026-06-19,Sweden,Tunisia,5,1,FIFA World Cup,,,True,F,Group Stage
2026-06-19,Belgium,Egypt,1,1,FIFA World Cup,,,True,G,Group Stage
2026-06-19,Spain,Cape Verde,0,0,FIFA World Cup,,,True,H,Group Stage
2026-06-19,Iran,New Zealand,2,2,FIFA World Cup,,,True,G,Group Stage
2026-06-19,Saudi Arabia,Uruguay,1,1,FIFA World Cup,,,True,H,Group Stage
2026-06-19,France,Senegal,3,1,FIFA World Cup,,,True,I,Group Stage
2026-06-19,Iraq,Norway,1,4,FIFA World Cup,,,True,I,Group Stage
2026-06-19,Argentina,Algeria,3,0,FIFA World Cup,,,True,J,Group Stage
2026-06-19,Austria,Jordan,3,1,FIFA World Cup,,,True,J,Group Stage
2026-06-17,Portugal,DR Congo,1,1,FIFA World Cup,,,True,K,Group Stage
2026-06-19,England,Croatia,4,2,FIFA World Cup,,,True,L,Group Stage
2026-06-19,Ghana,Panama,1,0,FIFA World Cup,,,True,L,Group Stage
2026-06-19,Colombia,Uzbekistan,3,1,FIFA World Cup,,,True,K,Group Stage
2026-06-19,Switzerland,Bosnia and Herzegovina,1,1,FIFA World Cup,,,True,B,Group Stage
2026-06-19,Czechia,South Africa,1,1,FIFA World Cup,,,True,A,Group Stage
2026-06-19,Qatar,Canada,0,6,FIFA World Cup,,,True,B,Group Stage
2026-06-19,Mexico,South Korea,1,0,FIFA World Cup,,,True,A,Group Stage
2026-06-20,USA,Australia,2,0,FIFA World Cup,,,True,D,Group Stage
2026-06-20,Morocco,Scotland,1,0,FIFA World Cup,,,True,C,Group Stage
2026-06-20,Brazil,Haiti,3,0,FIFA World Cup,,,True,C,Group Stage
2026-06-20,Turkey,Paraguay,0,1,FIFA World Cup,,,True,D,Group Stage
2026-06-20,Netherlands,Sweden,5,1,FIFA World Cup,,,True,F,Group Stage
2026-06-20,Germany,Ivory Coast,2,1,FIFA World Cup,,,True,E,Group Stage
2026-06-21,Ecuador,Curaçao,0,0,FIFA World Cup,,,True,E,Group Stage
2026-06-21,Japan,Tunisia,4,0,FIFA World Cup,,,True,F,Group Stage
2026-06-21,Saudi Arabia,Spain,0,4,FIFA World Cup,,,True,H,Group Stage
2026-06-22,Iran,Belgium,0,0,FIFA World Cup,,,True,G,Group Stage
2026-06-22,Cape Verde,Uruguay,2,2,FIFA World Cup,,,True,H,Group Stage
2026-06-22,Egypt,New Zealand,3,1,FIFA World Cup,,,True,G,Group Stage
2026-06-22,Austria,Argentina,0,2,FIFA World Cup,,,True,J,Group Stage
2026-06-23,Iraq,France,0,3,FIFA World Cup,,,True,I,Group Stage
2026-06-23,Senegal,Norway,2,3,FIFA World Cup,,,True,I,Group Stage
2026-06-23,Algeria,Jordan,2,1,FIFA World Cup,,,True,J,Group Stage
2026-06-23,Portugal,Uzbekistan,5,0,FIFA World Cup,,,True,K,Group Stage
2026-06-23,England,Ghana,0,0,FIFA World Cup,,,True,L,Group Stage
2026-06-24,Croatia,Panama,1,0,FIFA World Cup,,,True,L,Group Stage
2026-06-24,DR Congo,Colombia,0,1,FIFA World Cup,,,True,K,Group Stage
2026-06-24,Canada,Switzerland,1,2,FIFA World Cup,,,True,B,Group Stage
2026-06-24,Qatar,Bosnia and Herzegovina,1,3,FIFA World Cup,,,True,B,Group Stage
2026-06-25,Brazil,Scotland,3,0,FIFA World Cup,,,True,C,Group Stage
2026-06-25,Haiti,Morocco,2,4,FIFA World Cup,,,True,C,Group Stage
2026-06-25,Mexico,Czechia,3,0,FIFA World Cup,,,True,A,Group Stage
2026-06-25,South Korea,South Africa,0,1,FIFA World Cup,,,True,A,Group Stage
2026-06-25,Ivory Coast,Curaçao,2,0,FIFA World Cup,,,True,E,Group Stage
2026-06-25,Germany,Ecuador,1,2,FIFA World Cup,,,True,E,Group Stage
2026-06-26,France,Norway,4,1,FIFA World Cup,,,True,I,Group Stage
2026-06-26,Sweden,Japan,1,1,FIFA World Cup,,,True,F,Group Stage
2026-06-26,Netherlands,Tunisia,3,1,FIFA World Cup,,,True,F,Group Stage
2026-06-26,Australia,Paraguay,0,0,FIFA World Cup,,,True,D,Group Stage
2026-06-26,Turkey,USA,3,2,FIFA World Cup,,,True,D,Group Stage
2026-06-26,Senegal,Iraq,5,0,FIFA World Cup,,,True,I,Group Stage
2026-06-27,Saudi Arabia,Cape Verde,0,0,FIFA World Cup,,,True,H,Group Stage
2026-06-27,Spain,Uruguay,1,0,FIFA World Cup,,,True,H,Group Stage
2026-06-27,Egypt,Iran,1,1,FIFA World Cup,,,True,G,Group Stage
2026-06-27,Belgium,New Zealand,5,1,FIFA World Cup,,,True,G,Group Stage
2026-06-28,England,Panama,2,0,FIFA World Cup,,,True,L,Group Stage
2026-06-28,Ghana,Croatia,1,2,FIFA World Cup,,,True,L,Group Stage
2026-06-28,Portugal,Colombia,0,0,FIFA World Cup,,,True,K,Group Stage
2026-06-28,Uzbekistan,DR Congo,1,3,FIFA World Cup,,,True,K,Group Stage
2026-06-28,Argentina,Jordan,3,1,FIFA World Cup,,,True,J,Group Stage
2026-06-28,Austria,Algeria,3,3,FIFA World Cup,,,True,J,Group Stage
2026-07-06,Germany,Paraguay,1,1,FIFA World Cup,,,True,,Round of 32
2026-07-06,France,Sweden,3,0,FIFA World Cup,,,True,,Round of 32
2026-07-06,South Africa,Canada,0,1,FIFA World Cup,,,True,,Round of 32
2026-07-06,Netherlands,Morocco,1,1,FIFA World Cup,,,True,,Round of 32
2026-07-06,Portugal,Croatia,2,1,FIFA World Cup,,,True,,Round of 32
2026-07-06,Spain,Austria,3,0,FIFA World Cup,,,True,,Round of 32
2026-07-06,USA,Bosnia and Herzegovina,2,0,FIFA World Cup,,,True,,Round of 32
2026-07-06,Belgium,Senegal,3,2,FIFA World Cup,,,True,,Round of 32
2026-07-06,Brazil,Japan,2,1,FIFA World Cup,,,True,,Round of 32
2026-07-06,Norway,Ivory Coast,2,1,FIFA World Cup,,,True,,Round of 32
2026-07-06,Mexico,Ecuador,2,0,FIFA World Cup,,,True,,Round of 32
2026-07-06,England,DR Congo,2,1,FIFA World Cup,,,True,,Round of 32
2026-07-06,Argentina,Cape Verde,3,2,FIFA World Cup,,,True,,Round of 32
2026-07-06,Egypt,Australia,1,1,FIFA World Cup,,,True,,Round of 32
2026-07-06,Switzerland,Algeria,2,0,FIFA World Cup,,,True,,Round of 32
2026-07-06,Colombia,Ghana,1,0,FIFA World Cup,,,True,,Round of 32
2026-07-06,Paraguay,France,0,1,FIFA World Cup,,,True,,Round of 16
2026-07-06,Canada,Morocco,0,3,FIFA World Cup,,,True,,Round of 16
2026-07-06,Brazil,Norway,1,2,FIFA World Cup,,,True,,Round of 16
2026-07-06,Mexico,England,2,3,FIFA World Cup,,,True,,Round of 16
2026-07-07,Portugal,Spain,0,1,FIFA World Cup,,,True,,Round of 16
2026-07-08,USA,Belgium,1,4,FIFA World Cup,,,True,,Round of 16
2026-07-08,Argentina,Egypt,3,2,FIFA World Cup,,,True,,Round of 16
2026-07-08,Switzerland,Colombia,0,0,FIFA World Cup,,,True,,Round of 16
2026-07-14,France,Morocco,2,0,FIFA World Cup,,,True,,Quarter-final
2026-07-14,Spain,Belgium,2,1,FIFA World Cup,,,True,,Quarter-final
2026-07-14,Norway,England,1,2,FIFA World Cup,,,True,,Quarter-final
2026-07-14,Argentina,Switzerland,3,1,FIFA World Cup,,,True,,Quarter-final
